"CERT","CHCLASS1","CITYST","COST","FAILDATE","FIN","ID","NAME","QBFASSET","QBFDEP","RESTYPE","RESTYPE1","SAVR"
15426,"NM","ALMENA, KS",16806,"10/23/2020","10538","4104","ALMENA STATE BANK",65733,64941,"FAILURE","PA","DIF"
16748,"NM","FORT WALTON BEACH, FL",7247,"10/16/2020","10537","4103","FIRST CITY BANK OF FLORIDA",136566,133936,"FAILURE","PA","DIF"
14361,"NM","BARBOURSVILLE, WV",45913,"4/3/2020","10536","4102","THE FIRST STATE BANK",151808,143102,"FAILURE","PA","DIF"
18265,"NM","ERICSON, NE",25293,"2/14/2020","10535","4101","ERICSON STATE BANK",100879,95159,"FAILURE","PA","DIF"
21111,"N","NEWARK, NJ",1946,"11/1/2019","10534","4100","CITY NATIONAL BANK OF NEW JERSEY",120574,111234,"FAILURE","PA","DIF"
58112,"NM","LOUISA, KY",4353,"10/25/2019","10532","4098","LOUISA COMMUNITY BANK",28163,25174,"FAILURE","PA","DIF"
58317,"SB","MAUMEE, OH",1571,"10/25/2019","10533","4099","RESOLUTE BANK",23292,22885,"FAILURE","PA","DIF"
10716,"NM","COOPER, TX",19328,"5/31/2019","10531","4097","ENLOE STATE BANK",36738,31254,"FAILURE","PI","DIF"
30570,"SB","CHICAGO, IL",79928,"12/15/2017","10530","4096","WASHINGTON FEDERAL BANK FOR SAVINGS",166345,143964,"FAILURE","PI","DIF"
17719,"NM","ARGONIA, KS",280,"10/13/2017","10529","4095","THE FARMERS AND MERCHANTS STATE BANK OF ARGONIA",33012,27466,"FAILURE","PA","DIF"
1802,"SM","SAINT ELMO, IL",8088,"5/26/2017","10528","4094","FAYETTE COUNTY BANK",34370,33972,"FAILURE","PA","DIF"
30003,"SB","MILWAUKEE, WI",132603,"5/5/2017","10527","4093","GUARANTY BANK",1031900,1002026,"FAILURE","PA","DIF"
58302,"NM","NEW ORLEANS, LA",786435,"4/28/2017","10526","4092","FIRST NBC BANK",3325870,3032208,"FAILURE","PA","DIF"
35495,"NM","COTTONWOOD HEIGHTS, UT",9807,"3/3/2017","10525","4091","PROFICIO BANK",68208,65042,"FAILURE","PA","DIF"
19328,"NM","CHICAGO, IL",44050,"1/27/2017","10524","4090","SEAWAY BANK AND TRUST COMPANY",297809,256505,"FAILURE","PA","DIF"
34951,"NM","PENNSVILLE, NJ",22158,"1/13/2017","10523","4089","HARVEST COMMUNITY BANK",124223,122177,"FAILURE","PA","DIF"
91,"SM","MULBERRY, AR",6213,"9/23/2016","10522","4088","ALLIED BANK",66336,64713,"FAILURE","PA","DIF"
11297,"NM","WOODBURY, GA",3290,"8/19/2016","10521","4087","THE WOODBURY BANKING COMPANY",21426,21122,"FAILURE","PA","DIF"
35312,"NM","KING OF PRUSSIA, PA",10825,"5/6/2016","10520","4086","FIRST CORNERSTONE BANK",103307,101040,"FAILURE","PA","DIF"
9956,"NM","MEMPHIS, TN",10372,"4/29/2016","10519","4085","TRUST COMPANY BANK",18998,20148,"FAILURE","PA","DIF"
20364,"NM","MILWAUKEE, WI",11773,"3/11/2016","10518","4084","NORTH MILWAUKEE STATE BANK",67115,61493,"FAILURE","PA","DIF"
35156,"N","LONGVIEW, WA",995,"10/2/2015","10517","4082","HOMETOWN NATIONAL BANK",3785,3705,"FAILURE","PA","DIF"
35259,"NM","PEACHTREE CITY, GA",27760,"10/2/2015","10516","4083","THE BANK OF GEORGIA",286102,264234,"FAILURE","PA","DIF"
34112,"SM","DENVER, CO",1210,"7/10/2015","10515","4081","PREMIER BANK",26760,25480,"FAILURE","PA","DIF"
57772,"NM","CHICAGO, IL",20647,"5/8/2015","10514","4080","EDGEBROOK BANK",90034,90007,"FAILURE","PA","DIF"
32102,"NM","SAN JUAN, PR",701618,"2/27/2015","10513","4079","DORAL BANK",5898515,4097734,"FAILURE","PA","DIF"
33938,"NM","ATLANTA, GA",95942,"2/13/2015","10512","4078","CAPITOL CITY BANK & TRUST COMPANY",272311,262652,"FAILURE","PA","DIF"
20290,"NM","CHICAGO, IL",4743,"1/23/2015","10511","4077","HIGHLAND COMMUNITY BANK",54727,53453,"FAILURE","PA","DIF"
17557,"N","CRESTVIEW, FL",6329,"1/16/2015","10510","4076","FIRST NATIONAL BANK OF CRESTVIEW",73804,73199,"FAILURE","PA","DIF"
34983,"NM","MANKATO, MN",3946,"12/19/2014","10509","4075","NORTHERN STAR BANK",18794,18221,"FAILURE","PA","DIF"
34738,"SB","PALM DESERT, CA",2905,"11/7/2014","10508","4074","FRONTIER BANK, FSB",80736,76344,"FAILURE","PA","DIF"
916,"N","CHICAGO, IL",57658,"10/24/2014","10507","4073","THE NATIONAL REPUBLIC BANK OF CHICAGO",843118,809638,"FAILURE","PA","DIF"
4862,"SM","RISING SUN, MD",19837,"10/17/2014","10506","4072","NBRS FINANCIAL BANK",155353,151559,"FAILURE","PA","DIF"
28462,"SB","CHICAGO, IL",18412,"7/25/2014","10505","4071","GREENCHOICE BANK, FSB",70286,68722,"FAILURE","PA","DIF"
58125,"NM","CONYERS, GA",38334,"7/18/2014","10504","4070","EASTSIDE COMMERCIAL BANK",173946,166875,"FAILURE","PA","DIF"
12483,"NM","FREEDOM, OK",3734,"6/27/2014","10503","4069","THE FREEDOM STATE BANK",22816,20855,"FAILURE","PA","DIF"
10450,"NM","MOLINE, IL",47807,"6/20/2014","10502","4067","VALLEY BANK",456442,359953,"FAILURE","PA","DIF"
21793,"NM","FORT LAUDERDALE, FL",5439,"6/20/2014","10501","4068","VALLEY BANK",81843,66541,"FAILURE","PA","DIF"
32368,"SB","BEL AIR, MD",10954,"5/30/2014","10500","4066","SLAVIE FEDERAL SAVINGS BANK",140063,111142,"FAILURE","PA","DIF"
32284,"SI","CINCINNATI, OH",7224,"5/23/2014","10499","4065","COLUMBIA SAVINGS BANK",36484,29538,"FAILURE","PA","DIF"
57866,"NM","BERWYN, IL",21715,"5/16/2014","10498","4064","AZTECAMERICA BANK",66309,65031,"FAILURE","PA","DIF"
15062,"NM","FAIRFAX, SC",22149,"4/25/2014","10497","4063","ALLENDALE COUNTY BANK",49498,49356,"FAILURE","PA","DIF"
35096,"N","STERLING, VA",10940,"2/28/2014","10495","4061","MILLENNIUM BANK, NATIONAL ASSOCIATION",130305,121704,"FAILURE","PA","DIF"
58531,"NM","HORSHAM, PA",8956,"2/28/2014","10496","4062","VANTAGE POINT BANK",63453,62472,"FAILURE","PA","DIF"
34296,"NM","BOISE, ID",3487,"1/31/2014","10494","4060","SYRINGA BANK",153361,145813,"FAILURE","PA","DIF"
17967,"NM","EL RENO, OK",93335,"1/24/2014","10493","4059","THE  BANK OF UNION",317172,315843,"FAILURE","PA","DIF"
5732,"N","WEST CHICAGO, IL",1530,"1/17/2014","10492","4058","DUPAGE NATIONAL BANK",53524,51878,"FAILURE","PA","DIF"
57431,"N","THE WOODLANDS, TX",14203,"12/13/2013","10491","4057","TEXAS COMMUNITY BANK, NATIONAL ASSOCIATION",159257,142640,"FAILURE","PA","DIF"
14794,"NM","GRACEVILLE, FL",5849,"10/30/2013","10490","4056","BANK OF JACKSON COUNTY",24724,24591,"FAILURE","PA","DIF"
14318,"N","EDINBURG, TX",617168,"9/13/2013","10488","4054","FIRST NATIONAL BANK",3085764,2338335,"FAILURE","PA","DIF"
57041,"NM","BRIDGEPORT, CT",9211,"9/13/2013","10489","4055","THE COMMUNITY'S BANK",26368,25715,"FAILURE","PO","DIF"
19849,"NM","PARSONS, TN",130310,"8/23/2013","10486","4052","COMMUNITY SOUTH BANK",386908,377672,"FAILURE","PA","DIF"
34707,"NM","PHOENIX, AZ",15391,"8/23/2013","10487","4053","SUNRISE BANK OF ARIZONA",202179,196924,"FAILURE","PA","DIF"
35016,"NM","WAUSAU, WI",13428,"8/9/2013","10485","4051","BANK OF WAUSAU",43564,40663,"FAILURE","PA","DIF"
34943,"NM","FORT MYERS, FL",24921,"8/2/2013","10484","4050","FIRST COMMUNITY BANK OF SOUTHWEST FLORIDA",247315,243618,"FAILURE","PA","DIF"
34789,"N","SEVIERVILLE, TN",33292,"6/7/2013","10483","4049","MOUNTAIN NATIONAL BANK",437282,373366,"FAILURE","PA","DIF"
58358,"NM","NORTH LAS VEGAS, NV",5208,"6/6/2013","10482","4048","1st COMMERCE BANK",20152,19579,"FAILURE","PA","DIF"
35386,"NM","KENOSHA, WI",22884,"5/31/2013","10478","4047","BANKS OF WISCONSIN",134024,127590,"FAILURE","PA","DIF"
34527,"NM","SCOTTSDALE, AZ",5425,"5/14/2013","10479","4046","CENTRAL ARIZONA BANK",31550,30822,"FAILURE","PA","DIF"
58185,"NM","VALDOSTA, GA",16263,"5/10/2013","10481","4044","SUNRISE BANK",60793,57775,"FAILURE","PA","DIF"
58701,"NM","ASHEVILLE, NC",7943,"5/10/2013","10480","4045","PISGAH COMMUNITY BANK",21880,21246,"FAILURE","PA","DIF"
21649,"NM","DOUGLASVILLE, GA",89606,"4/26/2013","10476","4042","DOUGLAS COUNTY BANK",317288,315326,"FAILURE","PA","DIF"
57158,"NM","LENOIR, NC",16490,"4/26/2013","10477","4043","PARKWAY BANK",109642,104709,"FAILURE","PA","DIF"
26680,"NM","ORANGE PARK, FL",25231,"4/19/2013","10475","4039","HERITAGE BANK OF NORTH FLORIDA",103960,106348,"FAILURE","PA","DIF"
29594,"SB","LEXINGTON, KY",7767,"4/19/2013","10474","4040","FIRST FEDERAL BANK",92982,87196,"FAILURE","PA","DIF"
58034,"NM","MARIANNA, FL",7920,"4/19/2013","10473","4041","CHIPOLA COMMUNITY BANK",37471,37067,"FAILURE","PA","DIF"
58066,"SM","GOLD CANYON, AZ",8263,"4/5/2013","10472","4038","GOLD CANYON BANK",42125,41728,"FAILURE","PA","DIF"
16431,"NM","LAGRANGE, GA",73446,"3/8/2013","10471","4037","FRONTIER BANK",258840,224108,"FAILURE","PA","DIF"
22476,"NM","CHICAGO, IL",19576,"2/15/2013","10470","4036","COVENANT BANK",58422,54202,"FAILURE","PA","DIF"
57157,"NM","ANDOVER, MN",12229,"1/18/2013","10469","4035","1ST REGENTS BANK",49626,49147,"FAILURE","PA","DIF"
33997,"NM","UNIVERSITY PLACE, WA",22860,"1/11/2013","10468","4034","WESTSIDE COMMUNITY BANK",91935,91879,"FAILURE","PA","DIF"
27331,"NM","SUNRISE, MO",13435,"12/14/2012","10467","4033","COMMUNITY BANK OF THE OZARKS",42816,41881,"FAILURE","PA","DIF"
57928,"NM","BRASELTON, GA",39665,"11/16/2012","10466","4032","HOMETOWN COMMUNITYBANK",124561,108931,"FAILURE","PA","DIF"
3731,"N","PRINCETON, IL",32458,"11/2/2012","10464","4030","CITIZENS FIRST NATIONAL BANK",923959,869440,"FAILURE","PA","DIF"
35009,"NM","LUTZ, FL",74108,"11/2/2012","10465","4031","HERITAGE BANK OF FLORIDA",225477,223309,"FAILURE","PA","DIF"
27148,"SI","BERWYN, PA",87070,"10/26/2012","10463","4029","NOVA BANK",444710,395248,"FAILURE","PO","DIF"
19189,"NM","SEDALIA, MO",29582,"10/19/2012","10460","4026","EXCEL BANK",186113,173670,"FAILURE","PA","DIF"
28144,"SB","TAMARAC, FL",12370,"10/19/2012","10461","4027","FIRST EAST SIDE SAVINGS BANK",65686,64888,"FAILURE","PA","DIF"
58073,"NM","DESTIN, FL",40677,"10/19/2012","10462","4028","GULFSOUTH PRIVATE BANK",139391,131579,"FAILURE","PA","DIF"
20685,"NM","CRETE, IL",33841,"9/28/2012","10459","4025","FIRST UNITED BANK",328422,316877,"FAILURE","PA","DIF"
27316,"SM","ST. LOUIS, MO",39469,"9/14/2012","10458","4024","TRUMAN BANK",282338,245716,"FAILURE","PA","DIF"
35246,"NM","BLOOMINGTON, MN",65213,"9/7/2012","10457","4023","FIRST COMMERCIAL BANK",215867,206809,"FAILURE","PA","DIF"
28243,"SI","WAUKEGAN, IL",23518,"8/3/2012","10456","4022","WAUKEGAN SAVINGS BANK",83679,73001,"FAILURE","PA","DIF"
16240,"NM","JASPER, GA",49244,"7/27/2012","10455","4021","JASPER BANKING COMPANY",206672,204238,"FAILURE","PA","DIF"
1361,"NM","LEAWOOD, KS",363,"7/20/2012","10452","4016","HEARTLAND BANK",96002,89723,"FAILURE","PA","DIF"
27986,"SB","CHICAGO, IL",86252,"7/20/2012","10453","4017","SECOND FEDERAL SAVINGS AND LOAN ASSOCIATION OF CHICAGO",190891,171627,"FAILURE","PA","DIF"
32711,"NM","WOODSTOCK, GA",36215,"7/20/2012","10450","4018","FIRST CHEROKEE STATE BANK",209021,182114,"FAILURE","PA","DIF"
57096,"NM","NAPLES, FL",16848,"7/20/2012","10454","4019","THE ROYAL PALM BANK OF FLORIDA",78771,78876,"FAILURE","PA","DIF"
57847,"NM","BUFORD, GA",25335,"7/20/2012","10451","4020","GEORGIA TRUST BANK",116890,114748,"FAILURE","PA","DIF"
1056,"NM","GLASGOW, MO",1396,"7/13/2012","10449","4015","GLASGOW SAVINGS BANK",22341,21809,"FAILURE","PA","DIF"
19498,"NM","AILEY, GA",66449,"7/6/2012","10448","4014","MONTGOMERY BANK & TRUST",153208,164181,"FAILURE","PA","DIF"
1690,"NM","LYNCHBURG, TN",33106,"6/15/2012","10447","4011","THE FARMERS BANK OF LYNCHBURG",163859,156402,"FAILURE","PA","DIF"
27405,"NM","PALATKA, FL",28751,"6/15/2012","10445","4012","PUTNAM STATE BANK",169489,160024,"FAILURE","PA","DIF"
35299,"NM","MARIETTA, GA",44760,"6/15/2012","10446","4013","SECURITY EXCHANGE BANK",150962,147896,"FAILURE","PA","DIF"
416,"NM","KINGFISHER, OK",8725,"6/8/2012","10443","4007","FIRST CAPITAL BANK",44448,44828,"FAILURE","PA","DIF"
9257,"NM","SHABBONA, IL",10243,"6/8/2012","10442","4008","FARMERS' AND TRADERS' STATE BANK",43077,42302,"FAILURE","PA","DIF"
34515,"SM","WHITEVILLE, NC",23788,"6/8/2012","10444","4009","WACCAMAW BANK",533114,472704,"FAILURE","PA","DIF"
35372,"SB","CHARLESTON, SC",17775,"6/8/2012","10441","4010","CAROLINA FEDERAL SAVINGS BANK",54373,53082,"FAILURE","PA","DIF"
35224,"N","SYLACAUGA, AL",10672,"5/18/2012","10440","4006","ALABAMA TRUST BANK, NATIONAL ASSOCIATION",51553,45149,"FAILURE","PA","DIF"
23156,"N","NORTH LAUDERDALE, FL",15098,"5/4/2012","10439","4005","SECURITY BANK, NATIONAL ASSOCIATION",101026,99067,"FAILURE","PA","DIF"
23632,"N","PALM DESERT, CA",26331,"4/27/2012","10437","4000","PALM DESERT NATIONAL BANK",129253,129023,"FAILURE","PA","DIF"
26759,"SM","CAMBRIDGE, MD",58312,"4/27/2012","10434","4001","BANK OF THE EASTERN SHORE",162460,150951,"FAILURE","DINB","DIF"
31495,"SB","MAPLE GROVE, MN",79681,"4/27/2012","10436","4002","INTER SAVINGS BANK, FSB D/B/A/ INTERBANK, FSB",463840,458053,"FAILURE","PA","DIF"
32503,"SB","PAWLEYS ISLAND, SC",83230,"4/27/2012","10438","4003","PLANTATION FEDERAL BANK",433512,415943,"FAILURE","PA","DIF"
57766,"NM","GAITHERSBURG, MD",26694,"4/27/2012","10435","4004","HARVEST BANK OF MARYLAND",163019,145534,"FAILURE","PA","DIF"
35527,"SB","FORT LEE, NJ",12089,"4/20/2012","10433","3999","FORT LEE FEDERAL SAVINGS BANK, FSB",48861,47786,"FAILURE","PA","DIF"
33883,"NM","DEARBORN, MI",97229,"3/30/2012","10432","3998","FIDELITY BANK",818237,747640,"FAILURE","PA","DIF"
35419,"NM","WILMETTE, IL",69596,"3/23/2012","10431","3996","PREMIER BANK",268703,198953,"FAILURE","PA","DIF"
58068,"NM","ROCK SPRING, GA",30295,"3/23/2012","10430","3997","CONVENANT BANK & TRUST",95725,90632,"FAILURE","PA","DIF"
57597,"NM","CHICAGO, IL",15897,"3/9/2012","10429","3995","NEW CITY BANK",71202,72399,"FAILURE","PO","DIF"
34046,"NM","DORAVILLE, GA",40520,"3/2/2012","10428","3994","GLOBAL COMMERCE BANK",143678,116813,"FAILURE","PA","DIF"
5687,"NM","ELLAVILLE, GA",51763,"2/24/2012","10426","3992","CENTRAL BANK OF GEORGIA",278860,266589,"FAILURE","PA","DIF"
29178,"SB","LITTLE FALLS, MN",43731,"2/24/2012","10427","3993","HOME SAVINGS OF AMERICA",434111,432223,"FAILURE","PO","DIF"
23187,"N","HOFFMAN ESTATES, IL",18454,"2/10/2012","10424","3990","CHARTER NATIONAL BANK AND TRUST",93894,89485,"FAILURE","PA","DIF"
29761,"SB","SHELBYVILLE, IN",38439,"2/10/2012","10425","3991","SCB BANK",182561,171365,"FAILURE","PA","DIF"
16579,"NM","JACKSONVILLE, FL",54383,"1/27/2012","10421","3986","FIRST GUARANTY BANK AND TRUST COMPANY OF JACKSONVILLE",397082,378309,"FAILURE","PA","DIF"
19869,"SM","KNOXVILLE, TN",74064,"1/27/2012","10420","3987","BANKEAST",261947,259571,"FAILURE","PA","DIF"
34823,"NM","FOREST LAKE, MN",35346,"1/27/2012","10422","3988","PATRIOT BANK MINNESOTA",105029,102833,"FAILURE","PA","DIF"
35296,"NM","FRANKLIN, TN",352090,"1/27/2012","10423","3989","TENNESSEE COMMERCE BANK",1009154,1037716,"FAILURE","PA","DIF"
19252,"NM","STOCKBRIDGE, GA",192145,"1/20/2012","10419","3983","THE FIRST STATE BANK",516760,509065,"FAILURE","PA","DIF"
31581,"SB","BOOTHWYN, PA",4671,"1/20/2012","10417","3984","AMERICAN EAGLE SAVINGS BANK",19259,17548,"FAILURE","PA","DIF"
57186,"NM","BELLEVIEW, FL",13697,"1/20/2012","10418","3985","CENTRAL FLORIDA STATE BANK",71485,71080,"FAILURE","PA","DIF"
57917,"N","PHOENIX, AZ",41735,"12/16/2011","10416","3981","WESTERN NATIONAL BANK",162872,144491,"FAILURE","PA","DIF"
58343,"NM","CRESTVIEW, FL",25065,"12/16/2011","10415","3982","PREMIER COMMUNITY BANK OF THE EMERALD COAST",125976,112050,"FAILURE","PA","DIF"
14194,"NM","JOHNSTON, IA",16053,"11/18/2011","10414","3979","POLK COUNTY BANK",91580,81967,"FAILURE","PA","DIF"
19657,"NM","LACOMBE, LA",48824,"11/18/2011","10413","3980","CENTRAL PROGRESSIVE BANK",383132,347720,"FAILURE","PA","DIF"
57860,"NM","ROCKMART, GA",20442,"11/10/2011","10412","3978","COMMUNITY BANK OF ROCKMART",62383,55906,"FAILURE","PA","DIF"
19397,"NM","OMAHA, NE",10944,"11/4/2011","10410","3976","MID CITY BANK, INC.",106075,105461,"FAILURE","PA","DIF"
57087,"NM","SAINT GEORGE, UT",43575,"11/4/2011","10411","3977","SUNFIRST BANK",198081,169135,"FAILURE","PA","DIF"
57759,"NM","DES PLAINES, IL",13753,"10/28/2011","10409","3975","ALL AMERICAN BANK",34800,30542,"FAILURE","PA","DIF"
21132,"SM","GREENWOOD VILLAGE, CO",169247,"10/21/2011","10405","3971","COMMUNITY BANKS OF COLORADO",1280964,1239630,"FAILURE","PA","DIF"
34392,"NM","DECATUR, GA",24568,"10/21/2011","10407","3972","DECATUR FIRST BANK",184750,172042,"FAILURE","PA","DIF"
57036,"NM","JONESBORO, GA",64965,"10/21/2011","10406","3973","COMMUNITY CAPITAL BANK",165291,157808,"FAILURE","PA","DIF"
57537,"NM","CLEARWATER, FL",26299,"10/21/2011","10408","3974","OLD HARBOR BANK",209048,212184,"FAILURE","PA","DIF"
32347,"SI","ASHEVILLE, NC",44112,"10/14/2011","10401","3967","BLUE RIDGE SAVINGS BANK, INC.",161430,159628,"FAILURE","PA","DIF"
35395,"NM","ALEDO, IL",69798,"10/14/2011","10402","3968","COUNTRY BANK",195034,180835,"FAILURE","PA","DIF"
57256,"NM","GRAY, GA",88194,"10/14/2011","10404","3969","PIEDMONT COMMUNITY BANK",198993,178773,"FAILURE","PA","DIF"
58046,"NM","CRANFORD, NJ",45629,"10/14/2011","10403","3970","FIRST STATE BANK",191852,188099,"FAILURE","PA","DIF"
10216,"NM","WYOMING, MN",71176,"10/7/2011","10399","3965","THE RIVERBANK",419723,384120,"FAILURE","PA","DIF"
20115,"NM","ELLINGTON, MO",93109,"10/7/2011","10400","3966","SUN SECURITY BANK",351492,280649,"FAILURE","PA","DIF"
33513,"NM","PLANO, TX",58022,"9/30/2011","10398","3964","FIRST INTERNATIONAL BANK",239916,208775,"FAILURE","PA","DIF"
20408,"SM","NORFOLK, VA",239470,"9/23/2011","10396","3962","BANK OF THE COMMONWEALTH",985096,901845,"FAILURE","PA","DIF"
33983,"NM","NEVADA CITY, CA",40895,"9/23/2011","10397","3963","CITIZENS BANK OF NORTHERN CALIFORNIA",288765,253079,"FAILURE","PA","DIF"
25155,"N","MILTON, FL",75749,"9/9/2011","10395","3961","THE FIRST NATIONAL BANK OF FLORIDA",296841,280095,"FAILURE","PA","DIF"
58226,"NM","WOODSTOCK, GA",33845,"9/2/2011","10393","3959","CREEKSIDE BANK",102338,96583,"FAILURE","PA","DIF"
58273,"NM","CUMMING, GA",54248,"9/2/2011","10394","3960","PATRIOT BANK OF GEORGIA",150751,140612,"FAILURE","PA","DIF"
35356,"SB","PALM BEACH, FL",186321,"8/19/2011","10392","3956","LYDIAN PRIVATE BANK",1700117,1253835,"FAILURE","PA","DIF"
57212,"NM","GENEVA, IL",34064,"8/19/2011","10390","3957","FIRST CHOICE BANK",141016,137215,"FAILURE","PA","DIF"
57239,"N","STATESBORO, GA",22171,"8/19/2011","10391","3958","FIRST SOUTHERN NATIONAL BANK",164599,159673,"FAILURE","PA","DIF"
34130,"SI","HUNTINGDON VALLEY, PA",15828,"8/18/2011","10389","3955","PUBLIC SAVINGS BANK",46818,45770,"FAILURE","PA","DIF"
4744,"N","OLATHE, KS",103328,"8/12/2011","10388","3954","THE FIRST NATIONAL BANK OF OLATHE",538091,524290,"FAILURE","PA","DIF"
22528,"SM","COLFAX, WA",101555,"8/5/2011","10387","3952","BANK OF WHITMAN",548570,515732,"FAILURE","PA","DIF"
22637,"NM","SHOREWOOD, IL",29378,"8/5/2011","10386","3953","BANK OF SHOREWOOD",110723,104021,"FAILURE","PA","DIF"
4392,"N","EVANSVILLE, IN",29940,"7/29/2011","10384","3949","INTEGRA BANK NATIONAL ASSOCIATION",1994430,1693592,"FAILURE","PA","DIF"
58222,"N","COLUMBIA, SC",49181,"7/29/2011","10383","3950","BANKMERIDIAN, N.A.",232648,209737,"FAILURE","PA","DIF"
58283,"SM","RICHMOND, VA",19851,"7/29/2011","10385","3951","VIRGINIA BUSINESS BANK",83493,72955,"FAILURE","PA","DIF"
2994,"NM","GREELEY, CO",135919,"7/22/2011","10380","3946","BANK OF CHOICE",954106,818670,"FAILURE","PA","DIF"
35244,"SM","SARASOTA, FL",37389,"7/22/2011","10381","3947","LANDMARK BANK OF FLORIDA",266482,244362,"FAILURE","PA","DIF"
58056,"NM","APOLLO BEACH, FL",11403,"7/22/2011","10382","3948","SOUTHSHORE COMMUNITY BANK",41252,41434,"FAILURE","PA","DIF"
19554,"NM","STOCKBRIDGE, GA",70772,"7/15/2011","10377","3942","HIGH TRUST BANK",180340,177221,"FAILURE","PA","DIF"
34870,"NM","PORT SAINT LUCIE, FL",13110,"7/15/2011","10376","3943","FIRST PEOPLES BANK",225035,207621,"FAILURE","PA","DIF"
57442,"NM","PRESCOTT, AZ",14868,"7/15/2011","10379","3944","SUMMIT BANK",73066,67471,"FAILURE","PA","DIF"
58238,"NM","ATLANTA, GA",40849,"7/15/2011","10378","3945","ONE GEORGIA BANK",177715,158123,"FAILURE","PA","DIF"
27935,"SM","CHICAGO, IL",193305,"7/8/2011","10374","3939","FIRST CHICAGO BANK & TRUST",896864,830530,"FAILURE","PA","DIF"
34522,"NM","CASTLE ROCK, CO",254944,"7/8/2011","10373","3940","COLORADO CAPITAL BANK",665806,635202,"FAILURE","PA","DIF"
57835,"NM","WINDSOR, CO",23311,"7/8/2011","10375","3941","SIGNATURE  BANK",62518,60349,"FAILURE","PA","DIF"
57593,"NM","CLAYTON, GA",34480,"6/24/2011","10372","3938","MOUNTAIN HERITAGE BANK",103716,89554,"FAILURE","PA","DIF"
19237,"NM","JACKSON, GA",75418,"6/17/2011","10371","3936","MCINTOSH STATE BANK",339929,324403,"FAILURE","PA","DIF"
27583,"NM","TAMPA, FL",33477,"6/17/2011","10370","3937","FIRST COMMERCIAL BANK OF TAMPA BAY",98624,92641,"FAILURE","PA","DIF"
58420,"SB","CHARLESTON, SC",31432,"6/3/2011","10369","3935","ATLANTIC BANK AND TRUST",208204,191614,"FAILURE","PA","DIF"
23626,"NM","SNOHOMISH, WA",33596,"5/27/2011","10368","3934","FIRST HERITAGE BANK",173478,163303,"FAILURE","PA","DIF"
513,"NM","BURLINGTON, WA",24195,"5/20/2011","10367","3931","SUMMIT BANK",142729,131631,"FAILURE","PA","DIF"
57213,"NM","MACON, GA",280971,"5/20/2011","10365","3932","ATLANTIC SOUTHERN BANK",741855,707643,"FAILURE","PA","DIF"
57647,"NM","FRANKLIN, GA",134965,"5/20/2011","10366","3933","FIRST GEORGIA BANKING COMPANY",730981,702231,"FAILURE","PA","DIF"
34898,"SB","COCOA BEACH, FL",18527,"5/6/2011","10364","3930","COASTAL BANK",129429,123950,"FAILURE","PA","DIF"
19797,"SM","VALDOSTA, GA",212371,"4/29/2011","10363","3925","THE PARK AVENUE BANK",849409,724483,"FAILURE","PA","DIF"
26297,"N","WINTER PARK, FL",42899,"4/29/2011","10362","3926","FIRST NATIONAL BANK OF CENTRAL FLORIDA",342079,308784,"FAILURE","PA","DIF"
34234,"NM","MOUNT CLEMENS, MI",98636,"4/29/2011","10359","3927","COMMUNITY CENTRAL BANK",451683,371494,"FAILURE","PA","DIF"
57625,"NM","BROOKSVILLE, FL",17194,"4/29/2011","10360","3928","CORTEZ COMMUNITY  BANK",66282,65439,"FAILURE","PA","DIF"
58539,"NM","DALLAS, GA",105180,"4/29/2011","10361","3929","FIRST CHOICE COMMUNITY BANK",291196,294769,"FAILURE","PA","DIF"
14273,"NM","CARTHAGE, MS",37841,"4/15/2011","10354","3919","HERITAGE BANKING GROUP",228328,205035,"FAILURE","PA","DIF"
17750,"SB","BIRMINGHAM, AL",284370,"4/15/2011","10358","3920","SUPERIOR BANK",2977290,2736201,"FAILURE","PA","DIF"
19794,"NM","BIRMINGHAM, AL",182002,"4/15/2011","10356","3921","NEXITY BANK",757574,611681,"FAILURE","PA","DIF"
21495,"NM","CARTERSVILLE, GA",83037,"4/15/2011","10353","3922","BARTOW COUNTY BANK",314019,290005,"FAILURE","PA","DIF"
24099,"N","ROSEMOUNT, MN",5398,"4/15/2011","10357","3923","ROSEMOUNT NATIONAL BANK",21454,20980,"FAILURE","PA","DIF"
57705,"NM","EAST ELLIJAY, GA",34708,"4/15/2011","10355","3924","NEW HORIZONS BANK",103055,99022,"FAILURE","PA","DIF"
10086,"N","WESTERN SPRINGS, IL",38047,"4/8/2011","10352","3917","WESTERN SPRINGS NATIONAL BANK AND TRUST",186677,182441,"FAILURE","PA","DIF"
35418,"NM","LAS VEGAS, NV",38492,"4/8/2011","10351","3918","NEVADA COMMERCE BANK",135064,128573,"FAILURE","PA","DIF"
34292,"NM","WOOD DALE, IL",44142,"3/25/2011","10350","3916","THE BANK OF COMMERCE",163074,161379,"FAILURE","PA","DIF"
4077,"N","DAVIS, OK",30050,"3/11/2011","10349","3914","THE FIRST NATIONAL BANK OF DAVIS",90183,68331,"FAILURE","PA","DIF"
34818,"SM","MILWAUKEE, WI",73934,"3/11/2011","10348","3915","LEGACY BANK",190418,183309,"FAILURE","PA","DIF"
34187,"NM","ST. CHARLES, IL",28270,"2/25/2011","10347","3913","VALLEY COMMUNITY BANK",123774,124179,"FAILURE","PA","DIF"
151,"NM","CLARKESVILLE, GA",119370,"2/18/2011","10345","3909","HABERSHAM BANK",387681,339934,"FAILURE","PA","DIF"
34601,"NM","SPRINGFIELD, GA",48229,"2/18/2011","10344","3910","CITIZENS BANK OF EFFINGHAM",214275,206490,"FAILURE","PA","DIF"
34783,"SB","SAN LUIS OBISPO, CA",72906,"2/18/2011","10346","3911","SAN LUIS TRUST BANK, FSB",332596,272216,"FAILURE","PA","DIF"
57855,"NM","NAPA, CA",20175,"2/18/2011","10343","3912","CHARTER OAK BANK",120833,105309,"FAILURE","PA","DIF"
13272,"NM","CASSVILLE, WI",19454,"2/11/2011","10339","3905","BADGER STATE BANK",83828,78549,"FAILURE","PA","DIF"
14939,"NM","HAMTRAMCK, MI",103057,"2/11/2011","10341","3906","PEOPLES STATE BANK",390524,389868,"FAILURE","PA","DIF"
34692,"N","PALM SPRINGS, CA",15617,"2/11/2011","10340","3907","CANYON NATIONAL BANK",210859,205285,"FAILURE","PA","DIF"
35478,"NM","PORT ORANGE, FL",32294,"2/11/2011","10342","3908","SUNSHINE STATE COMMUNITY BANK",125531,116715,"FAILURE","PA","DIF"
35242,"NM","WATKINSVILLE, GA",48161,"2/4/2011","10338","3902","NORTH GEORGIA BANK",153172,139672,"FAILURE","PA","DIF"
57432,"NM","ROSWELL, GA",69500,"2/4/2011","10336","3903","AMERICAN TRUST BANK",238205,222161,"FAILURE","PA","DIF"
57948,"SM","CHICAGO, IL",10213,"2/4/2011","10337","3904","COMMUNITY FIRST BANK - CHICAGO",51083,49504,"FAILURE","PA","DIF"
2303,"NM","CAMARGO, OK",33590,"1/28/2011","10335","3898","THE FIRST STATE BANK",44546,41204,"FAILURE","PA","DIF"
5328,"NM","STOUGHTON, WI",28060,"1/28/2011","10332","3899","EVERGREEN STATE BANK",240949,193694,"FAILURE","PA","DIF"
12261,"SM","TAOS, NM",231105,"1/28/2011","10333","3900","FIRST COMMUNITY BANK",2188154,1847851,"FAILURE","PA","DIF"
57646,"NM","LOUISVILLE, CO",234939,"1/28/2011","10334","3901","FIRSTIER BANK",764090,718797,"FAILURE","DINB","DIF"
19758,"NM","MCDONOUGH, GA",43760,"1/21/2011","10329","3894","ENTERPRISE BANKING COMPANY",99461,94591,"FAILURE","DINB","DIF"
31293,"SL","DENVER, CO",137214,"1/21/2011","10331","3895","UNITED WESTERN BANK",2153690,1535194,"FAILURE","PA","DIF"
34516,"NM","ASHEVILLE, NC",44088,"1/21/2011","10330","3896","THE BANK OF ASHEVILLE",204925,199394,"FAILURE","PA","DIF"
57868,"NM","EASLEY, SC",45189,"1/21/2011","10328","3897","COMMUNITYSOUTH BANK AND TRUST",340986,314250,"FAILURE","PA","DIF"
57440,"NM","BRUNSWICK, GA",84066,"1/14/2011","10327","3893","OGLETHORPE BANK",211149,201369,"FAILURE","PA","DIF"
34965,"SM","ORLANDO, FL",88904,"1/7/2011","10325","3891","FIRST COMMERCIAL BANK OF FLORIDA",578638,537223,"FAILURE","PA","DIF"
57820,"NM","SCOTTSDALE, AZ",32224,"1/7/2011","10326","3892","LEGACY BANK",136446,119685,"FAILURE","PA","DIF"
19040,"N","CORAL GABLES, FL",28915,"12/17/2010","10324","3885","THE BANK OF MIAMI",448150,374218,"FAILURE","PA","DIF"
23306,"N","LINO LAKES, MN",5827,"12/17/2010","10321","3886","COMMUNITY NATIONAL BANK",31569,28844,"FAILURE","PA","DIF"
34578,"NM","DAWSONVILLE, GA",83075,"12/17/2010","10320","3887","CHESTATEE STATE BANK",244376,240476,"FAILURE","PA","DIF"
35065,"N","ATLANTA, GA",96415,"12/17/2010","10323","3888","UNITED AMERICAS BANK",242339,193803,"FAILURE","PA","DIF"
58052,"NM","BATESVILLE, AR",24771,"12/17/2010","10322","3889","FIRST SOUTHERN BANK",191764,155803,"FAILURE","PA","DIF"
58495,"SB","MCCAYSVILLE, GA",28452,"12/17/2010","10319","3890","APPALACIAN COMMUNITY BANK, F.S.B.",68201,76360,"FAILURE","PA","DIF"
34673,"SM","FARMINGTON HILLS, MI",68586,"12/10/2010","10318","3883","PARAMOUNT BANK",252744,213550,"FAILURE","PA","DIF"
35561,"NM","SOUTHAMPTON, PA",22906,"12/10/2010","10317","3884","EARTHSTAR BANK",112643,104505,"FAILURE","PA","DIF"
5287,"SM","BURLINGTON, WI",87134,"11/19/2010","10315","3880","FIRST BANKING CENTER",750724,664752,"FAILURE","PA","DIF"
20340,"NM","CARRABELLE, FL",44443,"11/19/2010","10316","3881","GULF STATE COMMUNITY BANK",112144,112193,"FAILURE","PA","DIF"
35078,"NM","BALA CYNWYD, PA",12652,"11/19/2010","10314","3882","ALLEGIANCE BANK OF NORTH AMERICA",106595,91996,"FAILURE","PA","DIF"
14580,"NM","VIDALIA, GA",125908,"11/12/2010","10312","3877","DARBY BANK & TRUST COMPANY",654714,587626,"FAILURE","PA","DIF"
35463,"NM","SCOTTSDALE, AZ",52561,"11/12/2010","10311","3878","COPPER STAR BANK",203955,190182,"FAILURE","PA","DIF"
57831,"NM","TIFTON, GA",21383,"11/12/2010","10313","3879","TIFTON BANKING COMPANY",143729,141573,"FAILURE","PA","DIF"
31263,"NM","RANDALLSTOWN, MD",137066,"11/5/2010","10308","3873","K BANK",538258,500056,"FAILURE","PA","DIF"
34411,"SM","TACOMA, WA",26754,"11/5/2010","10309","3874","PIERCE COMMERCIAL BANK",221082,193473,"FAILURE","PA","DIF"
57885,"NM","WESTMINSTER, CA",14264,"11/5/2010","10307","3875","FIRST VIETNAMESE AMERICAN BANK",48000,47012,"FAILURE","PA","DIF"
58087,"NM","WOODLAND HILLS, CA",16943,"11/5/2010","10310","3876","WESTERN COMMERCIAL BANK",98635,101127,"FAILURE","PA","DIF"
2119,"N","BARNESVILLE, GA",46897,"10/22/2010","10304","3866","THE FIRST NATIONAL BANK OF BARNESVILLE",126622,122880,"FAILURE","PA","DIF"
16089,"N","MAYWOOD, IL",44303,"10/22/2010","10301","3867","FIRST SUBURBAN NATIONAL BANK",143451,135475,"FAILURE","PA","DIF"
22173,"NM","OVERLAND PARK, KS",275262,"10/22/2010","10302","3868","HILLCREST BANK",1583611,1488785,"FAILURE","PA","DIF"
27573,"NM","JACKSONVILLE, FL",14343,"10/22/2010","10300","3869","FIRST BANK OF JACKSONVILLE",73922,72198,"FAILURE","PA","DIF"
32251,"SM","TAMPA, FL",34562,"10/22/2010","10303","3870","PROGRESS BANK OF FLORIDA",94823,86861,"FAILURE","PA","DIF"
32582,"SB","SCOTTSDALE, AZ",28202,"10/22/2010","10306","3871","FIRST ARIZONA SAVINGS, A FSB",255920,190615,"FAILURE","PO","DIF"
33904,"NM","GORDON, GA",10432,"10/22/2010","10305","3872","THE GORDON BANK",29259,26867,"FAILURE","PA","DIF"
30898,"SB","OLATHE, KS",53271,"10/15/2010","10298","3863","SECURITY SAVINGS BANK, F.S.B.",453349,347080,"FAILURE","PA","DIF"
34016,"NM","JEFFERSON CITY, MO",309814,"10/15/2010","10297","3864","PREMIER BANK",989382,869367,"FAILURE","PA","DIF"
58205,"NM","CHESTERFIELD, MO",22436,"10/15/2010","10299","3865","WESTBRIDGE BANK AND TRUST COMPANY",87782,70131,"FAILURE","PA","DIF"
21777,"NM","CRAWFORDVILLE, FL",120236,"10/1/2010","10296","3861","WAKULLA BANK",402205,367228,"FAILURE","PA","DIF"
35250,"NM","SHORELINE, WA",23598,"10/1/2010","10295","3862","SHORELINE BANK",92980,90644,"FAILURE","PA","DIF"
35053,"NM","ARLINGTON, WA",70800,"9/24/2010","10294","3859","NORTH COUNTY BANK",288776,276081,"FAILURE","PA","DIF"
58308,"NM","PONTE VEDRA BEACH, FL",34827,"9/24/2010","10293","3860","HAVEN TRUST BANK FLORIDA",148575,133561,"FAILURE","PA","DIF"
182,"NM","WINDER, GA",101852,"9/17/2010","10292","3853","THE PEOPLES BANK",447185,398181,"FAILURE","PA","DIF"
27808,"SI","MILFORD, OH",17928,"9/17/2010","10288","3854","BRAMBLE SAVINGS BANK",47523,41551,"FAILURE","PA","DIF"
28612,"SL","WEST ALLIS, WI",88640,"9/17/2010","10291","3855","MARITIME SAVINGS BANK",350488,248134,"FAILURE","PA","DIF"
57107,"NM","CHERRY HILL, NJ",18856,"9/17/2010","10290","3856","ISN BANK",81564,79652,"FAILURE","PA","DIF"
57448,"NM","DOUGLASVILLE, GA",101039,"9/17/2010","10289","3857","FIRST COMMERCE COMMUNITY BANK",248151,242831,"FAILURE","PA","DIF"
58197,"NM","ELLIJAY, GA",79709,"9/17/2010","10287","3858","THE BANK OF ELLIJAY",168820,160718,"FAILURE","PA","DIF"
35061,"SM","BRADENTON, FL",61295,"9/10/2010","10286","3852","HORIZON BANK",187819,164594,"FAILURE","PA","DIF"
15640,"NM","CHICAGO, IL",525962,"8/20/2010","10284","3844","SHOREBANK",2166431,1547403,"FAILURE","PA","DIF"
25266,"N","BARTOW, FL",9170,"8/20/2010","10279","3845","COMMUNITY NATIONAL BANK AT BARTOW",67918,63708,"FAILURE","PA","DIF"
27090,"SM","STOCKTON, CA",34038,"8/20/2010","10283","3846","PACIFIC STATE BANK",312077,278832,"FAILURE","PA","DIF"
27259,"NM","SONOMA, CA",10285,"8/20/2010","10285","3847","SONOMA VALLEY BANK",337113,255501,"FAILURE","PA","DIF"
27344,"N","OCALA, FL",11982,"8/20/2010","10281","3848","INDEPENDENT NATIONAL BANK",156218,141877,"FAILURE","PA","DIF"
31623,"SL","MARTINSVILLE, VA",4746,"8/20/2010","10280","3849","IMPERIAL SAVINGS AND LOAN ASSOCIATION",9448,10090,"FAILURE","PA","DIF"
32165,"SB","SOLVANG, CA",3679,"8/20/2010","10282","3850","LOS PADRES BANK",866459,770899,"FAILURE","PA","DIF"
33219,"NM","CHICO, CA",1663,"8/20/2010","10278","3851","BUTTE COMMUNITY BANK",498751,471256,"FAILURE","PA","DIF"
17599,"NM","PALOS HEIGHTS, IL",66962,"8/13/2010","10277","3843","PALOS BANK AND TRUST COMPANY",493391,467784,"FAILURE","PA","DIF"
34231,"NM","CHICAGO, IL",68767,"8/6/2010","10276","3842","RAVENSWOOD BANK",264628,269448,"FAILURE","PA","DIF"
9619,"NM","PANAMA CITY BEACH, FL",116866,"7/30/2010","10272","3837","COASTAL COMMUNITY BANK",377469,370016,"FAILURE","PA","DIF"
22643,"NM","LONGVIEW, WA",32603,"7/30/2010","10275","3838","THE COWLITZ BANK",489019,474742,"FAILURE","PA","DIF"
31964,"NM","EUGENE, OR",52410,"7/30/2010","10273","3839","LIBERTYBANK",714574,692670,"FAILURE","PA","DIF"
57658,"NM","ACWORTH, GA",33627,"7/30/2010","10274","3840","NORTHWEST BANK & TRUST",160763,155531,"FAILURE","PA","DIF"
57669,"SB","PORT SAINT JOE, FL",12479,"7/30/2010","10271","3841","BAYSIDE SAVINGS BANK",64344,52720,"FAILURE","PA","DIF"
10506,"SM","SYLVAN GROVE, KS",6651,"7/23/2010","10269","3830","THUNDER BANK",28248,27048,"FAILURE","PA","DIF"
17837,"N","KINGSTREE, SC",2425,"7/23/2010","10270","3831","WILLIAMSBURG FIRST NATIONAL BANK",130411,126993,"FAILURE","PA","DIF"
23181,"SM","CAVE JUNCTION, OR",28068,"7/23/2010","10266","3832","HOME VALLEY BANK",250488,227935,"FAILURE","PA","DIF"
27559,"NM","JASPER, GA",304395,"7/23/2010","10265","3833","CRESCENT BANK AND TRUST COMPANY",970235,932809,"FAILURE","PA","DIF"
32536,"SM","LANTANA, FL",41792,"7/23/2010","10268","3834","STERLING BANK",354966,329541,"FAILURE","PA","DIF"
34486,"NM","NEW PRAGUE, MN",18495,"7/23/2010","10264","3835","COMMUNITY SECURITY BANK",100649,95100,"FAILURE","PA","DIF"
35434,"NM","LAS VEGAS, NV",86464,"7/23/2010","10267","3836","SOUTHWESTUSA BANK",203690,183985,"FAILURE","PA","DIF"
25172,"SM","MIAMI, FL",64179,"7/16/2010","10259","3824","METRO BANK OF DADE COUNTY",399441,375522,"FAILURE","PA","DIF"
28136,"SB","HASTINGS, MI",12789,"7/16/2010","10258","3825","MAINSTREET SAVINGS BANK, FSB",96584,63291,"FAILURE","PA","DIF"
28864,"SB","CLEWISTON, FL",25533,"7/16/2010","10260","3826","OLDE CYPRESS COMMUNITY BANK",161355,157997,"FAILURE","PA","DIF"
32280,"SB","AVENTURA, FL",28658,"7/16/2010","10261","3827","TURNBERRY BANK",240251,179169,"FAILURE","PA","DIF"
32571,"SB","BLUFFTON, SC",107349,"7/16/2010","10262","3828","WOODLANDS BANK",382803,364808,"FAILURE","PA","DIF"
35383,"N","SPARTANBURG, SC",68307,"7/16/2010","10263","3829","FIRST NATIONAL BANK OF THE SOUTH",619374,550891,"FAILURE","PA","DIF"
11636,"N","BLACKWELL, OK",65822,"7/9/2010","10256","3820","HOME NATIONAL BANK",585445,514038,"FAILURE","PA","DIF"
32456,"SB","BALTIMORE, MD",3801,"7/9/2010","10257","3821","IDEAL FEDERAL SAVINGS BANK",6177,5803,"FAILURE","PO","DIF"
35462,"N","BALTIMORE, MD",21144,"7/9/2010","10255","3822","BAY NATIONAL BANK",217743,212612,"FAILURE","PA","DIF"
58072,"NM","PORT CHESTER, NY",63576,"7/9/2010","10254","3823","USA BANK",190678,188644,"FAILURE","PA","DIF"
26563,"NM","ENGLEWOOD, FL",184045,"6/25/2010","10253","3817","PENINSULA BANK",630179,580140,"FAILURE","PA","DIF"
34152,"N","SAVANNAH, GA",78578,"6/25/2010","10251","3818","FIRST NATIONAL BANK",252520,231857,"FAILURE","PA","DIF"
35279,"NM","ALBUQUERQUE, NM",28392,"6/25/2010","10252","3819","HIGH DESERT STATE BANK",80343,80985,"FAILURE","PA","DIF"
57110,"NM","RENO, NV",70062,"6/18/2010","10250","3816","NEVADA SECURITY BANK",492491,479759,"FAILURE","PA","DIF"
32955,"NM","SEATTLE, WA",95151,"6/11/2010","10249","3815","WASHINGTON FIRST INTERNATIONAL BANK",520887,441362,"FAILURE","PA","DIF"
15814,"N","ROSEDALE, MS",18085,"6/4/2010","10247","3812","FIRST NATIONAL BANK",60449,63483,"FAILURE","PA","DIF"
29341,"SB","LINCOLN, NE",0,"6/4/2010","10248","3813","TIERONE BANK",2824737,2185817,"FAILURE","PA","DIF"
31813,"SI","ARCOLA, IL",11534,"6/4/2010","10246","3814","ARCOLA HOMESTEAD SAVINGS BANK",17028,18092,"FAILURE","PO","DIF"
34785,"NM","LAS VEGAS, NV",115960,"5/28/2010","10245","3807","SUN WEST BANK",360662,353943,"FAILURE","PA","DIF"
35106,"NM","NAPLES, FL",87638,"5/28/2010","10242","3808","BANK OF FLORIDA - SOUTHWEST",640894,559897,"FAILURE","PA","DIF"
57315,"N","GRANITE BAY, CA",13175,"5/28/2010","10244","3809","GRANITE COMMUNITY BANK, NATIONAL ASSOCIATION",102913,94252,"FAILURE","PA","DIF"
57360,"NM","FORT LAUDERDALE, FL",60470,"5/28/2010","10241","3810","BANK OF FLORIDA - SOUTHEAST",595318,531752,"FAILURE","PA","DIF"
57814,"NM","TAMPA BAY, FL",30582,"5/28/2010","10243","3811","BANK OF FLORIDA - TAMPA BAY",240513,224024,"FAILURE","PA","DIF"
57735,"NM","ST. PAUL, MN",8410,"5/21/2010","10240","3806","PINEHURST BANK",61215,58288,"FAILURE","PA","DIF"
18117,"SM","ELMWOOD PARK, IL",0,"5/14/2010","10236","3802","MIDWEST BANK AND TRUST COMPANY",3172915,2420738,"FAILURE","PA","DIF"
34255,"NM","SPRINGFIELD, MO",25580,"5/14/2010","10239","3803","SOUTHWEST COMMUNITY BANK",100659,102463,"FAILURE","PA","DIF"
35114,"NM","SAINT MARYS, GA",36321,"5/14/2010","10238","3804","SATILLA COMMUNITY BANK",135688,134005,"FAILURE","PA","DIF"
35586,"NM","PLYMOUTH, MI",23558,"5/14/2010","10237","3805","NEW LIBERTY BANK",111239,101884,"FAILURE","PA","DIF"
14246,"NM","BONIFAY, FL",66090,"5/7/2010","10234","3798","THE BANK OF BONIFAY",242871,230190,"FAILURE","PA","DIF"
16476,"NM","CHAMPLIN, MN",7916,"5/7/2010","10233","3799","ACCESS BANK",31996,31969,"FAILURE","PA","DIF"
35517,"SM","SAN DIEGO, CA",6370,"5/7/2010","10232","3800","1st PACIFIC BANK OF CALIFORNIA",335798,291173,"FAILURE","PA","DIF"
57697,"NM","MESA, AZ",44322,"5/7/2010","10235","3801","TOWNE BANK OF ARIZONA",120246,113243,"FAILURE","PA","DIF"
17792,"N","BUTLER, MO",8620,"4/30/2010","10225","3791","BC NATIONAL BANKS",52204,43635,"FAILURE","PA","DIF"
22710,"NM","EVERETT, WA",453920,"4/30/2010","10228","3792","FRONTIER BANK",3250734,2846886,"FAILURE","PA","DIF"
27150,"NM","SAN JUAN, PR",539331,"4/30/2010","10229","3793","EUROBANK",2453138,1861350,"FAILURE","PA","DIF"
30005,"SI","PORT HURON, MI",341110,"4/30/2010","10226","3794","CF BANCORP",1599122,1418445,"FAILURE","PA","DIF"
31027,"NM","MAYAGUEZ, PR",2182145,"4/30/2010","10231","3795","WESTERNBANK PUERTO RICO",10797345,8420357,"FAILURE","PA","DIF"
32185,"NM","HATO REY, PR",991530,"4/30/2010","10230","3796","R-G PREMIER BANK OF PUERTO RICO",5681177,4220108,"FAILURE","PA","DIF"
58362,"NM","CREVE COEUR, MO",57091,"4/30/2010","10227","3797","CHAMPION BANK",195510,162816,"FAILURE","PA","DIF"
3735,"N","ROCKFORD, IL",15222,"4/23/2010","10218","3784","AMCORE BANK, NATIONAL ASSOCIATION",3066240,2743485,"FAILURE","PA","DIF"
10888,"NM","PEOTONE, IL",45596,"4/23/2010","10223","3785","PEOTONE BANK AND TRUST COMPANY",130165,124676,"FAILURE","PA","DIF"
22853,"NM","CHICAGO, IL",377580,"4/23/2010","10219","3786","BROADWAY BANK",1059194,1023421,"FAILURE","PA","DIF"
30600,"SI","CHICAGO, IL",38397,"4/23/2010","10221","3787","LINCOLN PARK SAVINGS BANK",194618,162627,"FAILURE","PA","DIF"
34658,"NM","CHICAGO, IL",41502,"4/23/2010","10220","3788","CITIZENS BANK & TRUST COMPANY OF CHICAGO",73490,72772,"FAILURE","PA","DIF"
34821,"NM","CHICAGO, IL",132056,"4/23/2010","10222","3789","NEW CENTURY BANK",447239,438999,"FAILURE","PA","DIF"
58429,"NM","NAPERVILLE, IL",189956,"4/23/2010","10224","3790","WHEATLAND BANK",441694,448917,"FAILURE","PA","DIF"
21521,"NM","LYNNWOOD, WA",155472,"4/16/2010","10212","3776","CITY BANK",981913,919606,"FAILURE","PA","DIF"
23876,"NM","OAKLAND, CA",22715,"4/16/2010","10214","3777","INNOVATIVE BANK",266816,223164,"FAILURE","PA","DIF"
24067,"N","FORT PIERCE, FL",0,"4/16/2010","10216","3778","RIVERSIDE NATIONAL BANK OF FLORIDA",3393818,2724475,"FAILURE","PA","DIF"
26619,"SI","LOWELL, MA",18261,"4/16/2010","10211","3779","BUTLER BANK",245534,227420,"FAILURE","PA","DIF"
28886,"SB","PALATKA, FL",11969,"4/16/2010","10213","3780","FIRST FEDERAL BANK OF NORTH FLORIDA",440122,369617,"FAILURE","PA","DIF"
33493,"NM","SAN RAFAEL, CA",0,"4/16/2010","10217","3781","TAMALPAIS BANK",611504,457206,"FAILURE","PA","DIF"
34878,"NM","STERLING HEIGHTS, MI",21136,"4/16/2010","10215","3782","LAKESIDE COMMUNITY BANK",49173,48622,"FAILURE","PO","DIF"
57724,"NM","CLERMONT, FL",16404,"4/16/2010","10210","3783","AMERICANFIRST BANK",104034,100070,"FAILURE","PA","DIF"
34242,"N","MYRTLE BEACH, SC",164585,"4/9/2010","10209","3775","BEACH FIRST NATIONAL BANK",590024,521138,"FAILURE","PA","DIF"
34678,"N","CARTERSVILLE, GA",73589,"3/26/2010","10208","3771","UNITY NATIONAL BANK",300590,264286,"FAILURE","PA","DIF"
34684,"SB","KEY WEST, FL",16210,"3/26/2010","10206","3772","KEY WEST BANK",88031,67662,"FAILURE","PA","DIF"
57060,"NM","PHOENIX, AZ",109081,"3/26/2010","10205","3773","DESERT HILLS BANK",496552,426473,"FAILURE","PA","DIF"
57399,"NM","CARROLLTON, GA",164026,"3/26/2010","10207","3774","MCINTOSH COMMERCIAL BANK",363405,343339,"FAILURE","PA","DIF"
8221,"NM","AURORA, MN",7026,"3/19/2010","10203","3764","STATE BANK OF AURORA",28159,27801,"FAILURE","PA","DIF"
10054,"NM","HIAWASSEE, GA",107431,"3/19/2010","10202","3765","BANK OF HIAWASSEE",377779,339597,"FAILURE","PA","DIF"
18806,"N","PARMA, OH",14960,"3/19/2010","10201","3766","AMERICAN NATIONAL BANK",70318,66752,"FAILURE","PA","DIF"
24957,"NM","FORT DEPOSIT, AL",11725,"3/19/2010","10204","3767","FIRST LOWNDES BANK",137175,131117,"FAILURE","PA","DIF"
33535,"NM","DRAPER, UT",522964,"3/19/2010","10200","3768","ADVANTA BANK CORP.",1525931,1519471,"FAILURE","PO","DIF"
33989,"NM","ELLIJAY, GA",456694,"3/19/2010","10199","3769","APPALACHIAN COMMUNITY BANK",1010075,917575,"FAILURE","PA","DIF"
58104,"NM","DULUTH, GA",37707,"3/19/2010","10198","3770","CENTURY SECURITY BANK",96535,93967,"FAILURE","PA","DIF"
27096,"NM","NEW YORK, NY",76482,"3/12/2010","10195","3761","THE PARK AVENUE BANK",520146,494505,"FAILURE","PA","DIF"
29561,"NM","COVINGTON, LA",26124,"3/12/2010","10196","3762","STATEWIDE BANK",243215,207821,"FAILURE","PA","DIF"
58182,"SM","ORLANDO, FL",76501,"3/12/2010","10197","3763","OLD SOUTHERN BANK",336390,319746,"FAILURE","PA","DIF"
58071,"NM","NEW YORK, NY",18407,"3/11/2010","10194","3760","LIBERTYPOINTE BANK",216500,209477,"FAILURE","PA","DIF"
9268,"SM","NORMAL, IL",18737,"3/5/2010","10191","3756","BANK OF ILLINOIS",211711,198487,"FAILURE","PA","DIF"
27126,"SM","BOCA RATON, FL",122335,"3/5/2010","10192","3757","SUN AMERICAN BANK",535724,443481,"FAILURE","PA","DIF"
34430,"NM","OGDEN, UT",71310,"3/5/2010","10193","3758","CENTENNIAL BANK",212839,205076,"FAILURE","PO","DIF"
34976,"SB","GERMANTOWN, MD",11627,"3/5/2010","10190","3759","WATERFIELD BANK",155566,156188,"FAILURE","DINB","DIF"
38129,"SI","TACOMA, WA",2752,"2/26/2010","10189","3754","RAINIER PACIFIC BANK",717806,446192,"FAILURE","PA","DIF"
58352,"NM","CARSON CITY, NV",14540,"2/26/2010","10188","3755","CARSON RIVER COMMUNITY BANK",51095,50024,"FAILURE","PA","DIF"
3287,"N","LA COSTE, TX",5709,"2/19/2010","10186","3750","THE LA COSTE NATIONAL BANK",53936,49275,"FAILURE","PA","DIF"
29952,"SI","ORLAND PARK, IL",118891,"2/19/2010","10184","3751","GEORGE WASHINGTON SAVINGS BANK",413673,395310,"FAILURE","PA","DIF"
32423,"SB","LA JOLLA, CA",560514,"2/19/2010","10185","3752","LA JOLLA BANK, FSB",3646071,2799362,"FAILURE","PA","DIF"
57586,"SM","MARCO ISLAND, FL",25614,"2/19/2010","10187","3753","MARCO COMMUNITY BANK",119578,117097,"FAILURE","PA","DIF"
15448,"NM","HANCOCK, MN",4521,"2/5/2010","10183","3749","1ST AMERICAN STATE BANK OF MINNESOTA",18155,16327,"FAILURE","PA","DIF"
5672,"NM","IMMOKALEE, FL",309109,"1/29/2010","10181","3743","FLORIDA COMMUNITY BANK",835701,776556,"FAILURE","PA","DIF"
5702,"NM","CORNELIA, GA",477784,"1/29/2010","10180","3744","COMMUNITY BANK & TRUST",1181717,1067957,"FAILURE","PA","DIF"
16133,"N","HALLOCK, MN",1063,"1/29/2010","10182","3745","MARSHALL BANK, NATIONAL ASSOCIATION",58566,55662,"FAILURE","PA","DIF"
16480,"N","CARROLLTON, GA",203881,"1/29/2010","10179","3746","FIRST NATIONAL BANK OF GEORGIA",840633,780196,"FAILURE","PA","DIF"
16730,"NM","BAINBRIDGE ISLAND, WA",28352,"1/29/2010","10178","3747","AMERICAN MARINE BANK",329246,287443,"FAILURE","PA","DIF"
23011,"NM","LOS ANGELES, CA",224134,"1/29/2010","10177","3748","FIRST REGIONAL BANK",2082684,1664450,"FAILURE","PA","DIF"
8265,"NM","LEETON, MO",7092,"1/22/2010","10174","3738","BANK OF LEETON",20128,20335,"FAILURE","PA","DIF"
20501,"NM","SEATTLE, WA",43422,"1/22/2010","10172","3739","EVERGREEN BANK",395980,340378,"FAILURE","PA","DIF"
22469,"NM","THE DALLES, OR",54899,"1/22/2010","10176","3740","COLUMBIA RIVER BANK",955112,908132,"FAILURE","PA","DIF"
32498,"SB","SANTA FE, NM",127197,"1/22/2010","10175","3741","CHARTER BANK",1201922,859933,"FAILURE","PA","DIF"
57147,"NM","MIAMI, FL",84454,"1/22/2010","10173","3742","PREMIER AMERICAN BANK",299225,285554,"FAILURE","PA","DIF"
1252,"SM","KAYSVILLE, UT",108843,"1/15/2010","10171","3735","BARNES BANKING COMPANY",709171,697109,"FAILURE","DINB","DIF"
17522,"NM","ST. STEPHEN, MN",7707,"1/15/2010","10169","3736","ST. STEPHEN STATE BANK",22895,23912,"FAILURE","PA","DIF"
34705,"NM","ANTIOCH, IL",23289,"1/15/2010","10170","3737","TOWN COMMUNITY BANK AND TRUST",70758,68323,"FAILURE","PA","DIF"
22977,"NM","BELLINGHAM, WA",205538,"1/8/2010","10168","3734","HORIZON BANK",1188956,1049063,"FAILURE","PA","DIF"
1006,"NM","NEW BALTIMORE, MI",69276,"12/18/2009","10162","3727","CITIZENS STATE BANK",168551,157149,"FAILURE","DINB","DIF"
26348,"NM","LA JOLLA, CA",272005,"12/18/2009","10161","3728","IMPERIAL CAPITAL BANK",4046888,2822300,"FAILURE","PA","DIF"
26820,"SM","SPRINGFIELD, IL",0,"12/18/2009","10166","3729","INDEPENDENT BANKERS' BANK",585508,511473,"FAILURE","PI","DIF"
28536,"SB","SANTA MONICA, CA",0,"12/18/2009","10167","3730","FIRST FEDERAL BANK OF CALIFORNIA,  A FEDERAL SAVINGS BANK",6143903,4538607,"FAILURE","PA","DIF"
32167,"SB","PANAMA CITY, FL",597058,"12/18/2009","10165","3731","PEOPLES FIRST COMMUNITY BANK",1795420,1684443,"FAILURE","PA","DIF"
32276,"SB","IRONDALE, AL",311740,"12/18/2009","10163","3732","NEW SOUTH FEDERAL SAVINGS BANK",1464127,1163916,"FAILURE","PA","DIF"
58315,"NM","ATLANTA, GA",99471,"12/18/2009","10164","3733","ROCKBRIDGE COMMERCIAL BANK",294024,291707,"FAILURE","PO","DIF"
4731,"SM","OVERLAND PARK, KS",93393,"12/11/2009","10160","3724","SOLUTIONSBANK",511103,421271,"FAILURE","PA","DIF"
22846,"N","MIAMI, FL",78267,"12/11/2009","10158","3725","REPUBLIC FEDERAL BANK, N.A.",433011,352695,"FAILURE","PA","DIF"
58399,"N","MESA, AZ",15047,"12/11/2009","10159","3726","VALLEY CAPITAL BANK, N.A.",40270,41312,"FAILURE","PA","DIF"
10440,"NM","AURORA, IL",79321,"12/4/2009","10154","3718","BENCHMARK BANK",173062,182760,"FAILURE","PA","DIF"
12080,"NM","REIDSVILLE, GA",14705,"12/4/2009","10153","3719","THE TATNALL BANK",49612,47100,"FAILURE","PA","DIF"
26290,"N","NORCROSS, GA",34282,"12/4/2009","10157","3720","FIRST SECURITY NATIONAL BANK",127455,121645,"FAILURE","PA","DIF"
29776,"SB","CLEVELAND, OH",1699462,"12/4/2009","10155","3721","AMTRUST BANK",11438990,8558609,"FAILURE","PA","DIF"
32583,"SB","RESTON, VA",26638,"12/4/2009","10156","3722","GREATER ATLANTIC BANK",203262,179248,"FAILURE","PA","DIF"
34663,"NM","ATLANTA, GA",310552,"12/4/2009","10152","3723","THE BUCKHEAD COMMUNITY BANK",856236,813668,"FAILURE","PA","DIF"
58016,"NM","FORT MYERS, FL",32236,"11/20/2009","10151","3717","COMMERCE BANK OF SOUTHWEST FLORIDA",70997,72821,"FAILURE","PA","DIF"
22427,"SM","NAPLES, FL",713137,"11/13/2009","10149","3714","ORION BANK",2612515,2169446,"FAILURE","PA","DIF"
32267,"SB","SARASOTA, FL",306917,"11/13/2009","10148","3715","CENTURY BANK, A FEDERAL SAVINGS BANK",755923,659742,"FAILURE","PA","DIF"
57914,"N","SAN CLEMENTE, CA",33470,"11/13/2009","10150","3716","PACIFIC COAST NATIONAL BANK",131418,128867,"FAILURE","PA","DIF"
19450,"NM","ST LOUIS, MO",11648,"11/6/2009","10146","3709","GATEWAY BANK OF ST LOUIS",26882,27534,"FAILURE","PA","DIF"
22286,"NM","SPARTA, GA",60895,"11/6/2009","10145","3710","UNITED SECURITY BANK",153639,149616,"FAILURE","PA","DIF"
30329,"SB","DETROIT, MI",8612,"11/6/2009","10144","3711","HOME FEDERAL SAVINGS BANK",12994,12730,"FAILURE","PA","DIF"
32469,"NM","SAN FRANCISCO, CA",587673,"11/6/2009","10147","3712","UNITED COMMERCIAL BANK",10895336,7653666,"FAILURE","PA","DIF"
35074,"NM","OAKDALE, MN",31750,"11/6/2009","10143","3713","PROSPERAN BANK",197442,182794,"FAILURE","PA","DIF"
11677,"N","CHICAGO, IL",6507,"10/30/2009","10140","3700","PARK NATIONAL BANK",4680881,3716626,"FAILURE","PA","DIF"
18776,"NM","HOUSTON, TX",12000,"10/30/2009","10138","3701","NORTH HOUSTON BANK",325474,307166,"FAILURE","PA","DIF"
23594,"N","SAN DIEGO, CA",38755,"10/30/2009","10135","3702","SAN DIEGO NATIONAL BANK",3594544,2891576,"FAILURE","PA","DIF"
25222,"N","TEAGUE, TX",5846,"10/30/2009","10141","3703","CITIZENS NATIONAL BANK",118236,97590,"FAILURE","PA","DIF"
30006,"N","SAN FRANCISCO, CA",60957,"10/30/2009","10139","3704","PACIFIC NATIONAL BANK",2319263,1757986,"FAILURE","PA","DIF"
32218,"N","PHOENIX, AZ",11741,"10/30/2009","10136","3705","BANK USA, NA",213205,170685,"FAILURE","PA","DIF"
33782,"NM","MADISONVILLE, TX",0,"10/30/2009","10142","3706","MADISONVILLE STATE BANK",256330,224653,"FAILURE","PA","DIF"
34659,"N","LOS ANGELES, CA",185754,"10/30/2009","10134","3707","CALIFORNIA NATIONAL BANK",7781100,6145207,"FAILURE","PA","DIF"
35291,"NM","LEMONT, IL",25945,"10/30/2009","10137","3708","COMMUNITY BANK OF LEMONT",81843,80688,"FAILURE","PA","DIF"
18321,"SM","RACINE, WI",99463,"10/23/2009","10132","3693","BANK OF ELMWOOD",327444,272782,"FAILURE","PA","DIF"
35038,"NM","WESTMONT, IL",85353,"10/23/2009","10128","3694","FIRST DUPAGE BANK",262093,253992,"FAILURE","PA","DIF"
35044,"N","BRADENTON, FL",62112,"10/23/2009","10129","3695","FLAGSHIP NATIONAL BANK",177563,170118,"FAILURE","PA","DIF"
57525,"NM","OSTEGO, MN",23476,"10/23/2009","10133","3696","RIVERVIEW COMMUNITY BANK",99057,75012,"FAILURE","PA","DIF"
57794,"NM","LAWRENCEVILLE, GA",44018,"10/23/2009","10127","3697","AMERICAN UNITED BANK",110094,102386,"FAILURE","PA","DIF"
57959,"SB","NAPLES, FL",31809,"10/23/2009","10130","3698","PARTNERS BANK",65498,64798,"FAILURE","PA","DIF"
58336,"NM","NAPLES, FL",43154,"10/23/2009","10131","3699","HILLCREST BANK FLORIDA",82774,83254,"FAILURE","PA","DIF"
23266,"SM","BAKERSFIELD, CA",79118,"10/16/2009","10126","3692","SAN JOAQUIN BANK",766359,626359,"FAILURE","PA","DIF"
11416,"NM","SPRING GROVE, MN",18876,"10/2/2009","10124","3689","JENNINGS STATE BANK",52347,50801,"FAILURE","PA","DIF"
34824,"SM","WARREN, MI",218973,"10/2/2009","10125","3690","WARREN BANK",504816,467767,"FAILURE","PA","DIF"
57263,"N","PUEBLO, CO",8323,"10/2/2009","10123","3691","SOUTHERN COLORADO NATIONAL BANK",37142,29568,"FAILURE","PA","DIF"
57151,"NM","ATLANTA, GA",960820,"9/25/2009","10122","3688","GEORGIAN BANK",2230230,1960123,"FAILURE","PA","DIF"
10100,"SM","COLUMBUS, IN",756346,"9/18/2009","10120","3686","IRWIN UNION BANK AND TRUST COMPANY",2839747,2254025,"FAILURE","PA","DIF"
57068,"SB","LOUISVILLE, KY",114249,"9/18/2009","10121","3687","IRWIN UNION BANK, FSB",518151,462611,"FAILURE","PA","DIF"
13693,"N","CHICAGO, IL",0,"9/11/2009","10117","3683","CORUS BANK, N.A.",7003321,7060693,"FAILURE","PA","DIF"
22868,"NM","LACEY, WA",201144,"9/11/2009","10119","3684","VENTURE BANK",968385,917729,"FAILURE","PA","DIF"
57736,"NM","WOODBURY, MN",24597,"9/11/2009","10118","3685","BRICKWELL COMMUNITY BANK",72576,64981,"FAILURE","PA","DIF"
20203,"NM","OAK FOREST, IL",56911,"9/4/2009","10113","3678","INBANK",209848,209211,"FAILURE","PA","DIF"
25231,"NM","KANSAS CITY, MO",7548,"9/4/2009","10112","3679","FIRST BANK OF KANSAS CITY",15723,14479,"FAILURE","PA","DIF"
27732,"SB","SIOUX CITY, IA",101648,"9/4/2009","10116","3680","VANTUS BANK",503643,394369,"FAILURE","PA","DIF"
34875,"NM","FLAGSTAFF, AZ",49833,"9/4/2009","10114","3681","FIRST STATE BANK",107235,95734,"FAILURE","PA","DIF"
35030,"SB","ROLLING MEADOWS, IL",0,"9/4/2009","10115","3682","PLATINUM COMMUNITY BANK",147961,110186,"FAILURE","PO","DIF"
1909,"NM","FOREST LAKE, MN",89930,"8/28/2009","10111","3675","MAINSTREET BANK",458533,432818,"FAILURE","PA","DIF"
27197,"NM","VENTURA, CA",234112,"8/28/2009","10110","3676","AFFINITY BANK",1211431,905593,"FAILURE","PA","DIF"
28312,"SB","BALTIMORE, MD",46940,"8/28/2009","10109","3677","BRADFORD BANK",451888,382159,"FAILURE","PA","DIF"
22130,"SM","BIRMINGHAM, AL",126332,"8/21/2009","10106","3671","CAPITALSOUTH BANK",586586,539422,"FAILURE","PA","DIF"
32618,"SB","AUSTIN, TX",0,"8/21/2009","10105","3672","GUARANTY BANK",13464352,11984112,"FAILURE","PA","DIF"
34682,"SB","ATLANTA, GA",49948,"8/21/2009","10107","3673","EBANK",144688,131510,"FAILURE","PA","DIF"
57702,"NM","NEWNAN, GA",66684,"8/21/2009","10108","3674","FIRST COWETA",163755,154903,"FAILURE","PA","DIF"
9609,"NM","MONTGOMERY, AL",2435409,"8/14/2009","10103","3666","COLONIAL BANK",25455112,20072099,"FAILURE","PA","DIF"
31559,"SL","PITTSBURGH, PA",8459,"8/14/2009","10104","3667","DWELLING HOUSE SAVINGS AND LOAN",12947,12984,"FAILURE","PA","DIF"
34043,"SM","LAS VEGAS, NV",558849,"8/14/2009","10100","3668","COMMUNITY BANK OF NEVADA",1397798,1372744,"FAILURE","DINB","DIF"
34485,"N","GILBERT, AZ",52287,"8/14/2009","10102","3669","UNION BANK, NATIONAL ASSOCIATION",119529,110362,"FAILURE","PA","DIF"
57645,"NM","PHOENIX, AZ",26937,"8/14/2009","10101","3670","COMMUNITY BANK OF ARIZONA",158517,143834,"FAILURE","PA","DIF"
23268,"SM","PRINEVILLE, OR",73567,"8/7/2009","10092","3663","COMMUNITY FIRST BANK",199508,180691,"FAILURE","PA","DIF"
27183,"N","VENICE, FL",25369,"8/7/2009","10099","3664","COMMUNITY NATIONAL BANK OF SARASOTA COUNTY",92528,92352,"FAILURE","PA","DIF"
27364,"NM","SARASOTA, FL",119466,"8/7/2009","10098","3665","FIRST STATE BANK",447667,394701,"FAILURE","PA","DIF"
9873,"NM","ALTUS, OK",26097,"7/31/2009","10093","3658","FIRST STATE BANK OF ALTUS",90867,98161,"FAILURE","PA","DIF"
18659,"NM","HARVEY, IL",793841,"7/31/2009","10094","3659","MUTUAL BANK",1595657,1546525,"FAILURE","PA","DIF"
32288,"SB","WEST CHESTER, OH",61523,"7/31/2009","10096","3660","PEOPLES COMMUNITY BANK",606153,538787,"FAILURE","PA","DIF"
34270,"NM","ELIZABTH, NJ",20048,"7/31/2009","10097","3661","FIRST BANKAMERICANO",163372,155463,"FAILURE","PA","DIF"
57604,"NM","JUPITER, FL",36643,"7/31/2009","10095","3662","INTEGRITY BANK",105298,98511,"FAILURE","PA","DIF"
8486,"NM","GRAY, GA",98201,"7/24/2009","10088","3651","SECURITY BANK OF JONES COUNTY",432712,375238,"FAILURE","PA","DIF"
27048,"NM","PERRY, GA",50980,"7/24/2009","10087","3652","SECURITY BANK OF HOUSTON COUNTY",371624,313155,"FAILURE","PA","DIF"
27367,"NM","MACON, GA",414269,"7/24/2009","10085","3653","SECURITY BANK OF BIBB COUNTY",943744,831437,"FAILURE","PA","DIF"
57105,"NM","WOODSTOCK, GA",102031,"7/24/2009","10090","3654","SECURITY BANK OF NORTH METRO",184184,182413,"FAILURE","PA","DIF"
57346,"NM","SUWANNEE, GA",193409,"7/24/2009","10086","3655","SECURITY BANK OF GWINNETT COUNTY",259182,256578,"FAILURE","PA","DIF"
57430,"NM","ALPHARETTA, GA",49000,"7/24/2009","10089","3656","SECURITY BANK OF NORTH FULTON",190564,179523,"FAILURE","PA","DIF"
58065,"NM","WILLIAMSVILLE, NY",7875,"7/24/2009","10091","3657","WATERFORD VILLAGE BANK",55707,56145,"FAILURE","PA","DIF"
23556,"N","RANCHO CUCAMONGA, CA",278591,"7/17/2009","10083","3647","VINEYARD BANK, NATIONAL ASSOCIATION",1638378,1526186,"FAILURE","PA","DIF"
34103,"SM","SIOUX FALLS, SD",110201,"7/17/2009","10081","3648","BANKFIRST",210844,232203,"FAILURE","PA","DIF"
34341,"NM","TEMECULA, CA",227400,"7/17/2009","10082","3649","TEMECULA VALLEY BANK",1396622,1276287,"FAILURE","PA","DIF"
34594,"NM","WINDER, GA",37998,"7/17/2009","10084","3650","FIRST PIEDMONT BANK",114113,108499,"FAILURE","PA","DIF"
22754,"NM","THERMOPOLIS, WY",32543,"7/10/2009","10080","3646","BANK OF WYOMING",70188,66598,"FAILURE","PA","DIF"
3644,"N","DANVILLE, IL",24202,"7/2/2009","10078","3639","THE FIRST NATIONAL BANK OF DANVILLE",148218,140185,"FAILURE","PA","DIF"
9262,"NM","ELIZABETH, IL",9832,"7/2/2009","10073","3640","THE ELIZABETH STATE BANK",55027,48131,"FAILURE","PA","DIF"
11710,"NM","WINCHESTER, IL",8030,"7/2/2009","10077","3641","THE FIRST STATE BANK OF WINCHESTER",30073,30806,"FAILURE","PA","DIF"
12093,"NM","CLINTON, IL",14315,"7/2/2009","10076","3642","THE JOHN WARNER BANK",69609,65179,"FAILURE","PA","DIF"
15302,"NM","OREGON, IL",18558,"7/2/2009","10075","3643","ROCK RIVER BANK",74808,74896,"FAILURE","PA","DIF"
18390,"NM","WORTH, IL",131567,"7/2/2009","10074","3644","FOUNDERS BANK",889172,832160,"FAILURE","PA","DIF"
57667,"NM","DALLAS, TX",52700,"7/2/2009","10079","3645","MILLENNIUM STATE BANK OF TEXAS",118601,115478,"FAILURE","PA","DIF"
9744,"NM","PINE CITY, MN",24010,"6/26/2009","10070","3634","HORIZON BANK",84763,69254,"FAILURE","PA","DIF"
35285,"SM","NEWNAN, GA",80745,"6/26/2009","10069","3635","NEIGHBORHOOD COMMUNITY BANK",212616,190070,"FAILURE","PA","DIF"
57332,"NM","LOS ANGELES, CA",45309,"6/26/2009","10072","3636","MIRAE BANK",480619,409951,"FAILURE","PA","DIF"
57436,"SM","VILLA RICA, GA",72253,"6/26/2009","10068","3637","COMMUNITY BANK OF WEST GEORGIA",201222,189398,"FAILURE","PO","DIF"
57893,"NM","IRVINE, CA",32168,"6/26/2009","10071","3638","METROPACIFIC BANK",75316,70078,"FAILURE","PA","DIF"
4614,"N","ANTHONY, KS",33230,"6/19/2009","10066","3631","FIRST NATIONAL BANK OF ANTHONY",156954,142551,"FAILURE","PA","DIF"
27837,"NM","WILMINGTON, NC",287345,"6/19/2009","10065","3632","COOPERATIVE BANK",966778,768479,"FAILURE","PA","DIF"
35251,"NM","FAYETTEVILLE, GA",136636,"6/19/2009","10067","3633","SOUTHERN COMMUNITY BANK",371695,297962,"FAILURE","PA","DIF"
17309,"NM","LINCOLNWOOD, IL",71202,"6/5/2009","10064","3630","BANK OF LINCOLNWOOD",212718,209285,"FAILURE","PA","DIF"
5757,"N","MACOMB, IL",37378,"5/22/2009","10063","3628","CITIZENS NATIONAL BANK",438560,393635,"FAILURE","PA","DIF"
35175,"NM","CHAMPAIGN, IL",106083,"5/22/2009","10062","3629","STRATEGIC CAPITAL BANK",546576,479384,"FAILURE","PA","DIF"
32247,"SB","CORAL GABLES, FL",5229102,"5/21/2009","10061","3627","BANKUNITED, FSB",13111463,8775985,"FAILURE","PA","DIF"
34843,"NM","BREMERTON, WA",81472,"5/8/2009","10060","3626","WESTSOUND BANK",334608,304464,"FAILURE","PA","DIF"
26535,"N","ATLANTA, GA",646945,"5/1/2009","10059","3623","SILVERTON BANK, NATIONAL ASSOCIATION",4157246,3314928,"FAILURE","PO","DIF"
35461,"NM","LAYTON, UT",114675,"5/1/2009","10057","3624","AMERICA WEST BANK",281564,286040,"FAILURE","PA","DIF"
57563,"NM","RIDGEWOOD, NJ",18494,"5/1/2009","10058","3625","CITIZENS COMMUNITY BANK",40657,40664,"FAILURE","PA","DIF"
32069,"NM","CALABASAS, CA",8643,"4/24/2009","10054","3619","FIRST BANK OF BEVERLY HILLS",1260354,866492,"FAILURE","PO","DIF"
34369,"SM","FARMINGTON HILLS, MI",48900,"4/24/2009","10056","3620","MICHIGAN HERITAGE BANK",167710,149065,"FAILURE","PA","DIF"
34396,"SB","KETCHUM, ID",109887,"4/24/2009","10055","3621","FIRST BANK OF IDAHO, FSB",490656,370580,"FAILURE","PA","DIF"
57943,"NM","KENNESAW, GA",33081,"4/24/2009","10053","3622","AMERICAN SOUTHERN BANK",105950,105940,"FAILURE","PA","DIF"
8266,"SB","SUGAR CREEK, MO",44669,"4/17/2009","10052","3617","AMERICAN STERLING BANK",166456,170946,"FAILURE","PA","DIF"
33824,"NM","ELKO, NV",20023,"4/17/2009","10051","3618","GREAT BASIN BANK OF NEVADA",238940,220834,"FAILURE","PA","DIF"
34639,"NM","WILMINGTON, NC",118565,"4/10/2009","10049","3615","CAPE FEAR BANK",492418,402820,"FAILURE","PA","DIF"
34881,"NM","GREELEY, CO",913746,"4/10/2009","10050","3616","NEW FRONTIER BANK",1774588,1496347,"FAILURE","DINB","DIF"
22238,"N","ATLANTA, GA",292520,"3/27/2009","10048","3614","OMNI NATIONAL BANK",979585,813205,"FAILURE","PO","DIF"
4754,"N","PAOLA, KS",134593,"3/20/2009","10046","3611","TEAMBANK, N.A.",669830,532520,"FAILURE","PA","DIF"
18243,"NM","STOCKBRIDGE, GA",135727,"3/20/2009","10047","3612","FIRSTCITY BANK",285015,259056,"FAILURE","PO","DIF"
18896,"N","COLORADO SPRINGS, CO",12687,"3/20/2009","10045","3613","COLORADO NATIONAL BANK",123508,85150,"FAILURE","PA","DIF"
57558,"NM","COMMERCE, GA",43267,"3/6/2009","10044","3610","FREEDOM BANK OF GEORGIA",172454,159048,"FAILURE","PA","DIF"
20078,"NM","GLENWOOD, IL",48231,"2/27/2009","10042","3608","HERITAGE COMMUNITY BANK",235154,225735,"FAILURE","PA","DIF"
34820,"NM","HENDERSON, NV",32511,"2/27/2009","10043","3609","SECURITY SAVINGS BANK",238307,174872,"FAILURE","PA","DIF"
35399,"NM","SILVERTON, OR",39549,"2/20/2009","10041","3607","SILVER FALLS BANK",134206,115976,"FAILURE","PA","DIF"
5431,"NM","LOUP CITY, NE",42684,"2/13/2009","10039","3603","SHERMAN COUNTY BANK",135431,90647,"FAILURE","PA","DIF"
16500,"NM","PITTSFIELD, IL",82003,"2/13/2009","10037","3604","CORN BELT BANK AND TRUST COMPANY",260201,233788,"FAILURE","PA","DIF"
34563,"SM","CAPE CORAL, FL",200292,"2/13/2009","10038","3605","RIVERSIDE BANK OF THE GULF COAST",523673,422708,"FAILURE","PA","DIF"
57342,"NM","BEAVERTON, OR",10218,"2/13/2009","10040","3606","PINNACLE BANK",71921,64168,"FAILURE","PA","DIF"
22574,"SM","MERCED, CA",61783,"2/6/2009","10034","3600","COUNTY BANK",1711552,1324635,"FAILURE","PA","DIF"
23124,"NM","CULVER CITY, CA",118079,"2/6/2009","10035","3601","ALLIANCE BANK",1113361,951106,"FAILURE","PA","DIF"
57017,"NM","MCDONOUGH, GA",151632,"2/6/2009","10036","3602","FIRSTBANK FINANCIAL SERVICES",317237,279308,"FAILURE","PA","DIF"
26538,"N","OCALA, FL",94004,"1/30/2009","10032","3597","OCALA NATIONAL BANK",219424,204663,"FAILURE","PA","DIF"
30763,"SB","CROFTON, MD",73819,"1/30/2009","10033","3598","SUBURBAN FEDERAL SAVINGS BANK",347408,301847,"FAILURE","PA","DIF"
58001,"NM","SALT LAKE CITY, UT",170389,"1/30/2009","10031","3599","MAGNET BANK",300674,282578,"FAILURE","PO","DIF"
33025,"NM","REDLANDS, CA",136662,"1/23/2009","10030","3596","1ST CENTENNIAL BANK",797959,678570,"FAILURE","PI","DIF"
3510,"N","CHARLOTTE, NC",,"1/16/2009","0","3586","BANK OF AMERICA N.A.",1471631047,954677580,"FAILURE","OBAM","DIF"
19733,"N","BERKELEY, IL",80488,"1/16/2009","10028","3587","NATIONAL BANK OF COMMERCE",419741,395868,"FAILURE","PA","DIF"
25178,"N","SAN FRANCISCO, CA",,"1/16/2009","0","3588","BANK OF AMERICA CALIFORNIA N.A.",21502223,500,"FAILURE","OBAM","DIF"
27374,"NM","SALT LAKE CITY, UT",,"1/16/2009","0","3589","MERRILL LYNCH BANK USA",61809503,53620324,"FAILURE","OBAM","DIF"
33143,"SB","ALEXANDRIA, VA",,"1/16/2009","0","3590","COUNTRYWIDE BANK FSB",117978966,43663251,"FAILURE","OBAM","DIF"
33318,"N","WILMINGTON, DE",,"1/16/2009","0","3591","FIA CARD SERVICES N.A.",159637136,9816599,"FAILURE","OBAM","DIF"
34571,"SB","NEW YORK, NY",,"1/16/2009","0","3592","MERRILL LYNCH BANK & TRUST CO FSB",37986413,28539028,"FAILURE","OBAM","DIF"
34959,"NM","VANCOUVER, WA",151232,"1/16/2009","10029","3593","BANK OF CLARK COUNTY",441085,377506,"FAILURE","PI","DIF"
35453,"N","PORTLAND, OR",,"1/16/2009","0","3594","BANK OF AMERICA OREGON N.A.",11526309,500,"FAILURE","OBAM","DIF"
58032,"N","PROVIDENCE, RI",,"1/16/2009","0","3595","BANK OF AMERICA RHODE ISLAND N.A.",35410586,500,"FAILURE","OBAM","DIF"
11568,"NM","SANDERSON, TX",7804,"12/12/2008","10026","3584","SANDERSON STATE BANK",38217,32012,"FAILURE","PA","DIF"
35379,"NM","DULUTH, GA",247119,"12/12/2008","10027","3585","HAVEN TRUST BANK",559551,489692,"FAILURE","PA","DIF"
34301,"SM","JACKSON, GA",86683,"12/5/2008","10025","3583","FIRST GEORGIA COMMUNITY BANK",256371,215287,"FAILURE","PA","DIF"
7213,"N","LAS VEGAS, NV",,"11/23/2008","0","3578","CITIBANK, NATIONAL ASSOCIATION",1207007000,230042000,"FAILURE","OBAM","DIF"
18708,"SB","WILMINGTON, DE",,"11/23/2008","0","3579","CITICORP TRUST BANK, FSB",19599414,7231013,"FAILURE","OBAM","DIF"
18923,"NM","CENTURY CITY, CA",,"11/23/2008","0","3580","CITIBANK (BANAMEX USA)",1322720,876086,"FAILURE","OBAM","DIF"
23360,"N","SIOUX FALLS, SD",,"11/23/2008","0","3581","CITIBANK (SOUTH DAKOTA), N.A.",77737957,42356986,"FAILURE","OBAM","DIF"
58180,"N","SIOUX FALLS, SD",,"11/23/2008","0","3582","DEPARTMENT STORES NATIONAL BANK",374903,300881,"FAILURE","OBAM","DIF"
16490,"NM","LOGANVILLE, GA",335552,"11/21/2008","10022","3575","THE COMMUNITY BANK",634901,603733,"FAILURE","PA","DIF"
28344,"SB","POMONA, CA",261053,"11/21/2008","10024","3576","PFF BANK & TRUST",3715433,2393845,"FAILURE","PA","DIF"
30968,"SL","NEWPORT BEACH, CA",151409,"11/21/2008","10023","3577","DOWNEY SAVINGS AND LOAN ASSOCIATION, F.A.",12779371,9653169,"FAILURE","PA","DIF"
23595,"NM","SAN DIEGO, CA",148627,"11/7/2008","10020","3573","SECURITY PACIFIC BANK",527959,456472,"FAILURE","PA","DIF"
26870,"SI","HOUSTON, TX",615844,"11/7/2008","10021","3574","FRANKLIN BANK, SSB",5089260,3692887,"FAILURE","PA","DIF"
57930,"NM","BRADENTON, FL",113688,"10/31/2008","10019","3572","FREEDOM BANK",270842,256793,"FAILURE","PA","DIF"
58241,"NM","ALPHARETTA, GA",211599,"10/24/2008","10018","3571","ALPHA BANK & TRUST",354090,344231,"FAILURE","PI","DIF"
13789,"NM","ELDRED, IL",16618,"10/10/2008","10017","3569","MERIDIAN BANK",38223,36090,"FAILURE","PA","DIF"
57654,"NM","NORTHVILLE, MI",56318,"10/10/2008","10016","3570","MAIN STREET BANK",112368,98934,"FAILURE","PA","DIF"
32633,"SB","HENDERSON, NV",0,"9/25/2008","10015","3568","WASHINGTON MUTUAL BANK",307021614,188260793,"FAILURE","PA","DIF"
6782,"SB","NORTHFORK, WV",38290,"9/19/2008","10014","3567","AMERIBANK, INC.",103965,100901,"FAILURE","PA","DIF"
34194,"NM","HENDERSON, NV",723358,"9/5/2008","10013","3566","SILVER STATE BANK",1957120,1733091,"FAILURE","PI","DIF"
35469,"NM","ALPHARETTA, GA",466681,"8/29/2008","10012","3565","INTEGRITY BANK",1107514,962456,"FAILURE","PA","DIF"
22728,"NM","TOPEKA, KS",334760,"8/22/2008","10011","3564","THE COLUMBIAN BANK AND TRUST COMPANY",735071,620354,"FAILURE","PI","DIF"
57523,"NM","BRADENTON, FL",95555,"8/1/2008","10010","3563","FIRST PRIORITY BANK",258610,226698,"FAILURE","PI","DIF"
27011,"N","RENO, NV",714794,"7/25/2008","10008","3561","FIRST NATIONAL BANK OF NEVADA",3411145,3038053,"FAILURE","PA","DIF"
57961,"N","NEWPORT BEACH, CA",92139,"7/25/2008","10009","3562","FIRST HERITAGE BANK N.A.",255376,234812,"FAILURE","PA","DIF"
29730,"SL","PASADENA, CA",12040084,"7/11/2008","10007","3560","INDYMAC BANK F.S.B",30698512,18941727,"FAILURE","PI","DIF"
12736,"N","STAPLES, MN",10305,"5/30/2008","10006","3559","FIRST INTEGRITY BANK, N.A.",52916,50178,"FAILURE","PA","DIF"
33901,"N","BENTONVILLE, AR",1025837,"5/9/2008","10005","3558","ANB FINANCIAL NATIONAL ASSOCIATION",1895545,1815691,"FAILURE","PI","DIF"
1971,"NM","HUME, MO",3800,"3/7/2008","10004","3557","HUME BANK",18682,13566,"FAILURE","PI","DIF"
24660,"N","KANSAS CITY, MO",7157,"1/25/2008","10003","3556","DOUGLASS NATIONAL BANK",52824,50250,"FAILURE","PA","DIF"
16848,"NM","LAKEVIEW, OH",28394,"10/4/2007","10002","3555","MIAMI VALLEY BANK",125362,119601,"FAILURE","PI","DIF"
32575,"SB","ALPHARETTA, GA",119608,"9/28/2007","10001","3554","NETBANK",2473806,2290046,"FAILURE","PI","DIF"
35353,"SI","PITTSBURGH, PA",9438,"2/2/2007","10000","3553","METROPOLITAN SAVINGS BANK",15760,14540,"FAILURE","PI","DIF"